id,name,urban_area,state_code,state,postcode,type,latitude,longitude,elevation,area_sq_km,local_government_area,time_zone
1,Aarons Pass,,NSW,New South Wales,2850,Rural locality,-32.86328,149.80375,804,82.76400,Mid-Western Regional (A),Australia/Sydney
2,Abba River,,WA,Western Australia,6280,Rural locality,-33.68488,115.46334,23,28.51600,Busselton (C),Australia/Perth
3,Abbey,Busselton,WA,Western Australia,6280,Suburb,-33.66077,115.25863,7,2.64400,Busselton (C),Australia/Perth
4,Abbeyard,,VIC,Victoria,3737,Rural locality,-36.96978,146.75244,415,327.50100,Alpine (S),Australia/Melbourne
5,Abbeywood,,QLD,Queensland,4613,Rural locality,-26.10688,151.62880,429,35.03500,South Burnett (R),Australia/Brisbane
6,Abbotsbury,Sydney,NSW,New South Wales,2176,Suburb,-33.87754,150.86777,80,4.97900,Fairfield (C),Australia/Sydney
7,Abbotsford,Sydney,NSW,New South Wales,2046,Suburb,-33.85247,151.12945,24,1.01800,Canada Bay (A),Australia/Sydney
8,Abbotsford,,QLD,Queensland,4670,Rural locality,-24.84369,152.02491,75,85.76400,Bundaberg (R),Australia/Brisbane
9,Abbotsford,Melbourne,VIC,Victoria,3067,Suburb,-37.80329,145.00043,25,1.74100,Yarra (C),Australia/Melbourne
10,Abbotsham,,TAS,Tasmania,7315,Rural locality,-41.21131,146.17558,102,8.15500,Central Coast (M),Australia/Hobart
11,Abels Bay,,TAS,Tasmania,7112,Rural locality,-43.23333,147.09803,21,5.21100,Huon Valley (M),Australia/Hobart
12,Abercorn,,QLD,Queensland,4627,Rural locality,-25.13664,151.12935,200,94.27300,North Burnett (R),Australia/Brisbane
13,Abercrombie,Bathurst,NSW,New South Wales,2795,Suburb,-33.38996,149.55047,661,2.97800,Bathurst Regional (A),Australia/Sydney
14,Abercrombie River,,NSW,New South Wales,2795,Rural locality,-33.91055,149.34763,757,127.17000,Bathurst Regional (A),Australia/Sydney
15,Aberdare,Cessnock,NSW,New South Wales,2325,Suburb,-32.84420,151.37651,95,3.29600,Cessnock (C),Australia/Sydney
16,Aberdeen,,NSW,New South Wales,2336,Urban locality,-32.16240,150.89012,178,41.63300,Upper Hunter Shire (A),Australia/Sydney
17,Aberdeen,,TAS,Tasmania,7310,Rural locality,-41.24112,146.32449,108,4.22900,Devonport (C),Australia/Hobart
18,Aberfeldie,Melbourne,VIC,Victoria,3040,Suburb,-37.75669,144.89626,44,1.55200,Moonee Valley (C),Australia/Melbourne
19,Aberfeldy,,VIC,Victoria,3825,Rural locality,-37.69657,146.36406,1076,10.83200,Baw Baw (S),Australia/Melbourne
20,Aberfoyle,,NSW,New South Wales,2350,Rural locality,-30.24061,152.01293,1152,340.47900,Armidale Regional (A),Australia/Sydney
21,Aberfoyle Park,Adelaide,SA,South Australia,5159,Suburb,-35.07628,138.59372,187,5.84400,Onkaparinga (C),Australia/Adelaide
22,Aberglasslyn,Maitland,NSW,New South Wales,2320,Suburb,-32.69466,151.53461,39,6.21600,Maitland (C),Australia/Sydney
23,Abergowrie,,QLD,Queensland,4850,Rural locality,-18.47499,145.88579,53,306.26500,Hinchinbrook (S),Australia/Brisbane
24,Abermain,Kurri Kurri - Weston,NSW,New South Wales,2326,Suburb,-32.81082,151.42867,34,15.38200,Cessnock (C),Australia/Sydney
25,Abernethy,,NSW,New South Wales,2325,Rural locality,-32.88324,151.39668,91,8.40300,Cessnock (C),Australia/Sydney
26,Abingdon Downs,,QLD,Queensland,4892,Rural locality,-17.79980,143.43956,255,5052.02800,Etheridge (S),Australia/Brisbane
27,Abington,,NSW,New South Wales,2350,Rural locality,-30.29421,151.25027,740,174.31400,Uralla (A),Australia/Sydney
28,Abington,,QLD,Queensland,4660,Rural locality,-25.20324,152.32893,61,19.56500,Bundaberg (R),Australia/Brisbane
29,Acacia Creek,,NSW,New South Wales,2476,Rural locality,-28.37333,152.32088,607,6.21200,Tenterfield (A),Australia/Sydney
30,Acacia Gardens,Sydney,NSW,New South Wales,2763,Suburb,-33.73355,150.91371,87,1.00100,Blacktown (C),Australia/Sydney
31,Acacia Hills,,NT,Northern Territory,0822,Rural locality,-12.79565,131.12295,38,127.30900,Litchfield (M),Australia/Darwin
32,Acacia Hills,,TAS,Tasmania,7306,Rural locality,-41.28049,146.32495,143,19.25700,Kentish (M),Australia/Hobart
33,Acacia Ridge,Brisbane,QLD,Queensland,4110,Suburb,-27.58963,153.02787,39,8.66400,Brisbane (C),Australia/Brisbane
34,Acheron,,VIC,Victoria,3714,Rural locality,-37.25243,145.70202,202,72.66000,Murrindindi (S),Australia/Melbourne
35,Acland,,QLD,Queensland,4401,Rural locality,-27.30370,151.69110,444,38.17900,Toowoomba (R),Australia/Brisbane
36,Acton,Canberra,ACT,Australian Capital Territory,2601,Suburb,-35.28732,149.11213,556,5.98900,Unincorporated,Australia/Sydney
37,Acton,Burnie - Somerset,TAS,Tasmania,7320,Suburb,-41.07007,145.89399,152,0.95400,Burnie (C),Australia/Hobart
38,Acton Park,Hobart,TAS,Tasmania,7170,Suburb,-42.86574,147.46989,103,19.26700,Clarence (C),Australia/Hobart
39,Acton Park,,WA,Western Australia,6280,Rural locality,-33.77704,115.37437,53,24.85400,Busselton (C),Australia/Perth
40,Ada,,VIC,Victoria,3833,Rural locality,-37.84087,145.84969,669,61.67000,Baw Baw (S),Australia/Melbourne
41,Adaminaby,,NSW,New South Wales,2629,Urban locality,-35.99735,148.76974,1022,356.49600,Snowy Monaro Regional (A),Australia/Sydney
42,Adams Estate,,VIC,Victoria,3984,Rural locality,-38.42519,145.53186,83,0.21500,Bass Coast (S),Australia/Melbourne
43,Adamstown,Newcastle,NSW,New South Wales,2289,Suburb,-32.93254,151.72625,25,3.07100,Newcastle (C),Australia/Sydney
44,Adamstown Heights,Newcastle,NSW,New South Wales,2289,Suburb,-32.95098,151.71770,97,2.39400,Newcastle (C),Australia/Sydney
45,Adamsvale,,WA,Western Australia,6375,Rural locality,-32.24941,117.72485,298,246.52000,Corrigin (S),Australia/Perth
46,Adare,,QLD,Queensland,4343,Rural locality,-27.52154,152.28656,122,39.04900,Lockyer Valley (R),Australia/Brisbane
47,Adavale,,QLD,Queensland,4474,Rural locality,-25.91190,144.70107,285,21354.75700,Quilpie (S),Australia/Brisbane
48,Addington,,VIC,Victoria,3352,Rural locality,-37.38446,143.67251,464,18.59600,Ballarat (C),Australia/Melbourne
49,Adelaide,,SA,South Australia,5000,Major urban locality,-34.92577,138.59973,75,10.48200,Adelaide (C),Australia/Adelaide
50,Adelaide Lead,,VIC,Victoria,3465,Rural locality,-37.07467,143.67736,235,38.50300,Central Goldfields (S),Australia/Melbourne
51,Adelaide Park,,QLD,Queensland,4703,Rural locality,-23.11468,150.69673,63,24.13900,Livingstone (S),Australia/Brisbane
52,Adelaide River,,NT,Northern Territory,0846,Rural locality,-13.19095,131.13760,45,146.73800,Coomalie (S),Australia/Darwin
53,Adelong,,NSW,New South Wales,2729,Urban locality,-35.30795,148.06368,338,20.27000,Snowy Valleys (A),Australia/Sydney
54,Adjungbilly,,NSW,New South Wales,2727,Rural locality,-35.08146,148.40992,513,438.10100,Gundagai (A),Australia/Sydney
55,Advancetown,,QLD,Queensland,4211,Rural locality,-28.03305,153.27963,55,63.55300,Gold Coast (C),Australia/Brisbane
56,Adventure Bay,,TAS,Tasmania,7150,Rural locality,-43.35579,147.32612,16,11.42700,Kingborough (M),Australia/Hobart
57,Aeroglen,Cairns,QLD,Queensland,4870,Suburb,-16.88394,145.74673,6,9.86400,Cairns (R),Australia/Brisbane
58,Afterlee,,NSW,New South Wales,2474,Rural locality,-28.59388,152.82575,238,34.78400,Kyogle (A),Australia/Sydney
59,Agery,,SA,South Australia,5558,Rural locality,-34.15690,137.74281,105,159.28800,Yorke Peninsula (DC),Australia/Adelaide
60,Agnes,,VIC,Victoria,3962,Rural locality,-38.67015,146.39615,21,15.71700,South Gippsland (S),Australia/Melbourne
61,Agnes Banks,,NSW,New South Wales,2753,Rural locality,-33.61888,150.70737,27,15.47500,Penrith (C),Australia/Sydney
62,Agnes Water,,QLD,Queensland,4677,Urban locality,-24.21251,151.90335,25,40.26200,Gladstone (R),Australia/Brisbane
63,Ainslie,Canberra,ACT,Australian Capital Territory,2602,Suburb,-35.26215,149.14589,593,3.54100,Unincorporated,Australia/Sydney
64,Airdmillan,,QLD,Queensland,4807,Rural locality,-19.54686,147.44370,11,57.42900,Burdekin (S),Australia/Brisbane
65,Airds,Sydney,NSW,New South Wales,2560,Suburb,-34.08447,150.82904,139,2.38100,Campbelltown (C),Australia/Sydney
66,Aire Valley,,VIC,Victoria,3237,Rural locality,-38.69611,143.56898,399,16.23800,Colac-Otway (S),Australia/Melbourne
67,Aireys Inlet,,VIC,Victoria,3231,Urban locality,-38.45944,144.10689,51,19.61400,Surf Coast (S),Australia/Melbourne
68,Airlie Beach,,QLD,Queensland,4802,Urban locality,-20.26787,148.71622,13,3.07000,Whitsunday (R),Australia/Brisbane
69,Airly,,VIC,Victoria,3851,Rural locality,-38.03555,147.08440,14,25.16600,Wellington (S),Australia/Melbourne
70,Airville,,QLD,Queensland,4807,Rural locality,-19.65354,147.33726,19,43.90900,Burdekin (S),Australia/Brisbane
71,Aitkenvale,Townsville,QLD,Queensland,4814,Suburb,-19.29771,146.76434,14,3.30700,Townsville (C),Australia/Brisbane
72,Ajana,,WA,Western Australia,6532,Rural locality,-27.94861,114.61132,213,727.82400,Northampton (S),Australia/Perth
73,Akaroa,,TAS,Tasmania,7216,Urban locality,-41.30452,148.31671,8,5.46300,Break O'Day (M),Australia/Hobart
74,Akolele,,NSW,New South Wales,2546,Urban locality,-36.35580,150.07685,30,5.95000,Eurobodalla (A),Australia/Sydney
75,Alabama Hill,Charters Towers,QLD,Queensland,4820,Suburb,-20.08292,146.24937,356,0.78400,Charters Towers (R),Australia/Brisbane
76,Alawa,Darwin,NT,Northern Territory,0810,Suburb,-12.37896,130.87423,21,1.24000,Darwin (C),Australia/Darwin
77,Alawoona,,SA,South Australia,5311,Rural locality,-34.73589,140.50879,74,201.45600,Loxton Waikerie (DC),Australia/Adelaide
78,Albacutya,,VIC,Victoria,3424,Rural locality,-35.69201,141.97654,85,98.51900,Hindmarsh (S),Australia/Melbourne
79,Albanvale,Melbourne,VIC,Victoria,3021,Suburb,-37.74593,144.77003,74,1.86300,Brimbank (C),Australia/Melbourne
80,Albany,,WA,Western Australia,6330,Major urban locality,-35.02387,117.88354,25,1.80400,Albany (C),Australia/Perth
81,Albany Creek,Brisbane,QLD,Queensland,4035,Suburb,-27.34553,152.96840,21,9.62400,Moreton Bay (R),Australia/Brisbane
82,Albert,,NSW,New South Wales,2873,Rural locality,-32.41586,147.50811,249,690.58000,Lachlan (A),Australia/Sydney
83,Alberta,,QLD,Queensland,4702,Rural locality,-24.32548,149.78253,97,385.43400,Banana (S),Australia/Brisbane
84,Alberton,,QLD,Queensland,4207,Rural locality,-27.70787,153.26916,6,16.19900,Gold Coast (C),Australia/Brisbane
85,Alberton,Adelaide,SA,South Australia,5014,Suburb,-34.85922,138.51953,9,0.96700,Port Adelaide Enfield (C),Australia/Adelaide
86,Alberton,,TAS,Tasmania,7263,Rural locality,-41.29309,147.78932,310,32.91700,Dorset (M),Australia/Hobart
87,Alberton,,VIC,Victoria,3971,Rural locality,-38.61139,146.66598,12,45.10300,Wellington (S),Australia/Melbourne
88,Alberton West,,VIC,Victoria,3971,Rural locality,-38.59869,146.58795,21,25.08300,Wellington (S),Australia/Melbourne
89,Albert Park,Adelaide,SA,South Australia,5014,Suburb,-34.87831,138.52135,10,0.90600,Charles Sturt (C),Australia/Adelaide
90,Albert Park,Melbourne,VIC,Victoria,3206,Suburb,-37.84071,144.95571,10,2.83900,Port Phillip (C),Australia/Melbourne
91,Albinia,,QLD,Queensland,4722,Rural locality,-24.43965,148.39740,237,1068.01800,Central Highlands (R),Australia/Brisbane
92,Albion,Brisbane,QLD,Queensland,4010,Suburb,-27.42803,153.04521,35,1.32200,Brisbane (C),Australia/Brisbane
93,Albion,,QLD,Queensland,4822,Rural locality,-21.50903,142.69317,196,5538.56500,Richmond (S),Australia/Brisbane
94,Albion,Melbourne,VIC,Victoria,3020,Suburb,-37.77595,144.81940,44,2.48300,Brimbank (C),Australia/Melbourne
95,Albion Park,Wollongong,NSW,New South Wales,2527,Suburb,-34.57072,150.77503,12,9.09800,Shellharbour (C),Australia/Sydney
96,Albion Park Rail,Wollongong,NSW,New South Wales,2527,Suburb,-34.56084,150.79575,6,7.16800,Shellharbour (C),Australia/Sydney
97,Albury,,NSW,New South Wales,2640,Major urban locality,-36.08214,146.91017,157,5.68300,Albury (C),Australia/Sydney
98,Alcomie,,TAS,Tasmania,7330,Rural locality,-40.93487,145.18523,215,32.33000,Circular Head (M),Australia/Hobart
99,Aldavilla,Kempsey,NSW,New South Wales,2440,Suburb,-31.05895,152.76814,13,15.07600,Kempsey (A),Australia/Sydney
100,Alderley,Brisbane,QLD,Queensland,4051,Suburb,-27.42442,153.00052,39,2.55000,Brisbane (C),Australia/Brisbane
101,Aldershot,,QLD,Queensland,4650,Rural locality,-25.47455,152.66010,19,10.24100,Fraser Coast (R),Australia/Brisbane
102,Aldersyde,,WA,Western Australia,6306,Rural locality,-32.37423,117.30582,238,389.84100,Brookton (S),Australia/Perth
103,Aldgate,Crafers - Bridgewater,SA,South Australia,5154,Suburb,-35.01512,138.73619,421,8.40600,Adelaide Hills (DC),Australia/Adelaide
104,Aldinga,,SA,South Australia,5173,Urban locality,-35.26733,138.48314,33,13.33200,Onkaparinga (C),Australia/Adelaide
105,Aldinga Beach,Adelaide,SA,South Australia,5173,Suburb,-35.27888,138.46180,24,13.66800,Onkaparinga (C),Australia/Adelaide
106,Aldoga,,QLD,Queensland,4694,Rural locality,-23.83529,151.07133,58,82.07400,Gladstone (R),Australia/Brisbane
107,Alectown,,NSW,New South Wales,2870,Rural locality,-32.91427,148.26801,377,277.14400,Parkes (A),Australia/Sydney
108,Alexander Heights,Perth,WA,Western Australia,6064,Suburb,-31.82761,115.86713,69,3.18200,Wanneroo (C),Australia/Perth
109,Alexandra,,QLD,Queensland,4740,Rural locality,-21.16447,149.09961,20,7.47400,Mackay (R),Australia/Brisbane
110,Alexandra,,VIC,Victoria,3714,Urban locality,-37.19131,145.71106,222,79.44000,Murrindindi (S),Australia/Melbourne
111,Alexandra Bridge,,WA,Western Australia,6288,Rural locality,-34.16062,115.19957,23,6.60100,Augusta-Margaret River (S),Australia/Perth
112,Alexandra Headland,Sunshine Coast,QLD,Queensland,4572,Suburb,-26.67064,153.10804,8,1.50400,Sunshine Coast (R),Australia/Brisbane
113,Alexandra Hills,Brisbane,QLD,Queensland,4161,Suburb,-27.52277,153.22046,45,13.69000,Redland (C),Australia/Brisbane
114,Alexandria,Sydney,NSW,New South Wales,2015,Suburb,-33.90985,151.19278,6,3.51600,Sydney (C),Australia/Sydney
115,Alford,,SA,South Australia,5555,Rural locality,-33.81518,137.82127,67,219.07800,Barunga West (DC),Australia/Adelaide
116,Alfords Point,Sydney,NSW,New South Wales,2234,Suburb,-33.99330,151.02475,100,2.56700,Sutherland Shire (A),Australia/Sydney
117,Alfred Cove,Perth,WA,Western Australia,6154,Suburb,-32.03424,115.80861,13,1.05700,Melville (C),Australia/Perth
118,Alfredton,Ballarat,VIC,Victoria,3350,Suburb,-37.55696,143.81723,459,8.01000,Ballarat (C),Australia/Melbourne
119,Alfredtown,,NSW,New South Wales,2650,Rural locality,-35.16147,147.51238,198,75.07900,Wagga Wagga (C),Australia/Sydney
120,Algester,Brisbane,QLD,Queensland,4115,Suburb,-27.61130,153.03352,33,3.69000,Brisbane (C),Australia/Brisbane
121,Alice,,NSW,New South Wales,2469,Rural locality,-29.05024,152.58745,117,13.27500,Clarence Valley (A),Australia/Sydney
122,Alice Creek,,QLD,Queensland,4610,Rural locality,-26.76002,151.63170,575,88.11400,South Burnett (R),Australia/Brisbane
123,Alice River,,QLD,Queensland,4817,Urban locality,-19.32661,146.59971,50,39.75800,Townsville (C),Australia/Brisbane
124,Alice Springs,,NT,Northern Territory,0870,Major urban locality,-23.70036,133.88089,581,1.39400,Alice Springs (T),Australia/Darwin
125,Ali Curung,,NT,Northern Territory,0872,Urban locality,-21.00041,134.39409,378,443.15000,Barkly (R),Australia/Darwin
126,Alison,,NSW,New South Wales,2259,Rural locality,-33.26817,151.39865,8,1.39600,Central Coast (C),Australia/Sydney
127,Alison,,NSW,New South Wales,2420,Rural locality,-32.43480,151.77193,90,19.27100,Dungog (A),Australia/Sydney
128,Alkimos,,WA,Western Australia,6038,Rural locality,-31.61455,115.68059,40,17.17400,Wanneroo (C),Australia/Perth
129,Allambee,,VIC,Victoria,3823,Rural locality,-38.29287,146.02163,359,13.53300,Baw Baw (S),Australia/Melbourne
130,Allambee Reserve,,VIC,Victoria,3871,Rural locality,-38.28526,146.05489,417,33.06200,Baw Baw (S),Australia/Melbourne
131,Allambee South,,VIC,Victoria,3871,Rural locality,-38.34374,146.09959,170,9.58300,South Gippsland (S),Australia/Melbourne
132,Allambie Heights,Sydney,NSW,New South Wales,2100,Suburb,-33.76508,151.24886,126,6.67500,Northern Beaches (A),Australia/Sydney
133,Allan,,QLD,Queensland,4370,Rural locality,-28.19557,151.94953,456,8.85900,Southern Downs (R),Australia/Brisbane
134,Allandale,,NSW,New South Wales,2320,Rural locality,-32.71069,151.42353,55,10.48300,Maitland (C),Australia/Sydney
135,Allandale,,QLD,Queensland,4310,Rural locality,-28.00836,152.75909,217,48.77200,Scenic Rim (R),Australia/Brisbane
136,Allanooka,,WA,Western Australia,6525,Rural locality,-29.04726,115.02908,100,323.58400,Irwin (S),Australia/Perth
137,Allans Flat,,VIC,Victoria,3691,Rural locality,-36.27611,146.90982,206,38.33100,Indigo (S),Australia/Melbourne
138,Allansford,,VIC,Victoria,3277,Urban locality,-38.38647,142.59067,15,85.63600,Warrnambool (C),Australia/Melbourne
139,Allanson,,WA,Western Australia,6225,Urban locality,-33.33753,116.09806,191,24.79600,Collie (S),Australia/Perth
140,Allawah,Sydney,NSW,New South Wales,2218,Suburb,-33.97002,151.11452,55,0.58400,Georges River (A),Australia/Sydney
141,Alleena,,NSW,New South Wales,2671,Rural locality,-34.10946,147.14097,284,269.63300,Bland (A),Australia/Sydney
142,Allenby Gardens,Adelaide,SA,South Australia,5009,Suburb,-34.90433,138.55515,18,0.82600,Charles Sturt (C),Australia/Adelaide
143,Allendale,,VIC,Victoria,3364,Rural locality,-37.36871,143.93855,479,14.23800,Hepburn (S),Australia/Melbourne
144,Allendale East,,SA,South Australia,5291,Urban locality,-38.00337,140.70894,16,50.11700,Grant (DC),Australia/Adelaide
145,Allendale North,,SA,South Australia,5373,Rural locality,-34.30398,138.91766,277,46.95500,Light (RegC),Australia/Adelaide
146,Allens Rivulet,,TAS,Tasmania,7150,Rural locality,-43.01068,147.20406,148,11.97200,Kingborough (M),Australia/Hobart
147,Allenstown,Rockhampton,QLD,Queensland,4700,Suburb,-23.38894,150.50287,13,2.22900,Rockhampton (R),Australia/Brisbane
148,Allenview,,QLD,Queensland,4285,Rural locality,-27.90126,152.93908,36,43.49400,Scenic Rim (R),Australia/Brisbane
149,Allestree,,VIC,Victoria,3305,Rural locality,-38.27035,141.65616,10,7.96000,Glenelg (S),Australia/Melbourne
150,Allgomera,,NSW,New South Wales,2441,Rural locality,-30.81610,152.83137,51,120.38800,Nambucca (A),Australia/Sydney
151,Alligator Creek,,QLD,Queensland,4740,Rural locality,-21.32393,149.21106,16,78.03000,Mackay (R),Australia/Brisbane
152,Alligator Creek,,QLD,Queensland,4816,Urban locality,-19.42492,146.94720,26,49.40200,Townsville (C),Australia/Brisbane
153,Allora,,QLD,Queensland,4362,Urban locality,-28.03585,151.98272,473,96.47300,Southern Downs (R),Australia/Brisbane
154,Alloway,,QLD,Queensland,4670,Rural locality,-24.95238,152.36214,29,72.78800,Bundaberg (R),Australia/Brisbane
155,Allworth,,NSW,New South Wales,2425,Rural locality,-32.54169,151.96093,20,18.25100,Mid-Coast (A),Australia/Sydney
156,Allynbrook,,NSW,New South Wales,2311,Rural locality,-32.36334,151.53623,89,34.18200,Dungog (A),Australia/Sydney
157,Alma,,SA,South Australia,5401,Rural locality,-34.26662,138.63086,177,102.78600,Wakefield (DC),Australia/Adelaide
158,Alma,,VIC,Victoria,3465,Rural locality,-37.02881,143.67682,212,20.69400,Central Goldfields (S),Australia/Melbourne
159,Alma,,WA,Western Australia,6535,Rural locality,-28.23338,114.69358,281,342.00500,Northampton (S),Australia/Perth
160,Almaden,,QLD,Queensland,4871,Rural locality,-17.34006,144.67813,498,797.52500,Mareeba (S),Australia/Brisbane
161,Alma Park,,NSW,New South Wales,2659,Rural locality,-35.60413,146.79169,213,87.68500,Greater Hume Shire (A),Australia/Sydney
162,Almonds,,VIC,Victoria,3727,Rural locality,-36.22497,146.06069,177,31.57200,Moira (S),Australia/Melbourne
163,Almurta,,VIC,Victoria,3979,Rural locality,-38.45863,145.58388,66,16.58900,Bass Coast (S),Australia/Melbourne
164,Alonnah,,TAS,Tasmania,7150,Rural locality,-43.32148,147.24218,5,15.17000,Kingborough (M),Australia/Hobart
165,Aloomba,,QLD,Queensland,4871,Rural locality,-17.11626,145.83486,13,110.98000,Cairns (R),Australia/Brisbane
166,Alpha,,QLD,Queensland,4724,Urban locality,-23.64966,146.64107,353,203.40800,Barcaldine (R),Australia/Brisbane
167,Alphington,Melbourne,VIC,Victoria,3078,Suburb,-37.78077,145.03116,38,2.81700,Yarra (C),Australia/Melbourne
168,Alpine,,NSW,New South Wales,2575,Rural locality,-34.40952,150.52396,605,23.03300,Wingecarribee (A),Australia/Sydney
169,Alpurrurulam,,NT,Northern Territory,4825,Urban locality,-20.98411,137.85075,201,9.99300,Barkly (R),Australia/Darwin
170,Alsace,,QLD,Queensland,4702,Rural locality,-23.27589,149.35051,134,351.82300,Central Highlands (R),Australia/Brisbane
171,Alstonvale,,NSW,New South Wales,2477,Rural locality,-28.80561,153.44548,129,10.25800,Ballina (A),Australia/Sydney
172,Alstonville,,NSW,New South Wales,2477,Urban locality,-28.84213,153.44036,150,28.82500,Ballina (A),Australia/Sydney
173,Altona,,SA,South Australia,5351,Rural locality,-34.59717,138.91362,233,8.87900,Barossa (DC),Australia/Adelaide
174,Altona,Melbourne,VIC,Victoria,3018,Suburb,-37.86928,144.83029,8,16.73700,Hobsons Bay (C),Australia/Melbourne
175,Altona Meadows,Melbourne,VIC,Victoria,3028,Suburb,-37.87163,144.77808,11,10.54000,Hobsons Bay (C),Australia/Melbourne
176,Altona North,Melbourne,VIC,Victoria,3025,Suburb,-37.83471,144.84768,17,13.94400,Hobsons Bay (C),Australia/Melbourne
177,Alton Downs,,QLD,Queensland,4702,Rural locality,-23.30718,150.38804,29,177.47200,Rockhampton (R),Australia/Brisbane
178,Alumy Creek,,NSW,New South Wales,2460,Rural locality,-29.64092,152.95145,5,9.05300,Clarence Valley (A),Australia/Sydney
179,Alva,,QLD,Queensland,4807,Urban locality,-19.45750,147.48173,7,112.82200,Burdekin (S),Australia/Brisbane
180,Alvie,,VIC,Victoria,3249,Rural locality,-38.24432,143.48190,120,25.30600,Colac-Otway (S),Australia/Melbourne
181,Alyangula,,NT,Northern Territory,0885,Urban locality,-13.85287,136.42249,27,2.74300,Unincorporated,Australia/Darwin
182,Amamoor,,QLD,Queensland,4570,Rural locality,-26.34524,152.67499,74,34.35600,Gympie (R),Australia/Brisbane
183,Amamoor Creek,,QLD,Queensland,4570,Rural locality,-26.35952,152.56331,128,168.81400,Gympie (R),Australia/Brisbane
184,Amaroo,Canberra,ACT,Australian Capital Territory,2914,Suburb,-35.17033,149.12588,631,2.58700,Unincorporated,Australia/Sydney
185,Amaroo,,NSW,New South Wales,2866,Rural locality,-33.16432,148.92084,626,16.78000,Cabonne (A),Australia/Sydney
186,Amaroo,,QLD,Queensland,4829,Rural locality,-23.39387,139.67312,119,9358.70400,Boulia (S),Australia/Brisbane
187,Amata,,SA,South Australia,0872,Urban locality,-26.15662,131.14472,694,11.24800,Anangu Pitjantjatjara (AC),Australia/Adelaide
188,Ambania,,WA,Western Australia,6632,Rural locality,-28.69532,115.11880,235,327.85500,Greater Geraldton (C),Australia/Perth
189,Ambarvale,Sydney,NSW,New South Wales,2560,Suburb,-34.08047,150.80364,86,2.88200,Campbelltown (C),Australia/Sydney
190,Amber,,QLD,Queensland,4871,Rural locality,-17.74731,144.31566,408,1032.89800,Mareeba (S),Australia/Brisbane
191,Ambergate,,WA,Western Australia,6280,Rural locality,-33.71163,115.32628,21,38.39500,Busselton (C),Australia/Perth
192,Amberley,Brisbane,QLD,Queensland,4306,Suburb,-27.64043,152.70240,42,26.11100,Ipswich (C),Australia/Brisbane
193,Ambleside,Devonport,TAS,Tasmania,7310,Suburb,-41.20612,146.37295,15,1.09200,Devonport (C),Australia/Hobart
194,Ambrose,,QLD,Queensland,4695,Rural locality,-23.78568,150.92680,36,63.26300,Gladstone (R),Australia/Brisbane
195,Amby,,QLD,Queensland,4462,Rural locality,-26.54921,148.18690,354,198.98000,Maranoa (R),Australia/Brisbane
196,Amelup,,WA,Western Australia,6338,Rural locality,-34.23847,118.22088,185,402.44100,Gnowangerup (S),Australia/Perth
197,American Beach,,SA,South Australia,5222,Rural locality,-35.77694,137.87650,28,0.63200,Kangaroo Island (DC),Australia/Adelaide
198,American River,,SA,South Australia,5221,Urban locality,-35.77305,137.77996,15,1.82000,Kangaroo Island (DC),Australia/Adelaide
199,Amherst,,VIC,Victoria,3371,Rural locality,-37.14647,143.67017,254,34.00000,Central Goldfields (S),Australia/Melbourne
200,Amiens,,QLD,Queensland,4380,Rural locality,-28.58362,151.80109,871,51.90300,Southern Downs (R),Australia/Brisbane
201,Amity,,QLD,Queensland,4183,Urban locality,-27.39789,153.43908,7,5.06300,Redland (C),Australia/Brisbane
202,Amoonguna,,NT,Northern Territory,0873,Urban locality,-23.76847,133.93067,546,5.58800,MacDonnell (R),Australia/Darwin
203,Amor,,VIC,Victoria,3825,Rural locality,-37.94124,146.39980,521,6.46400,Baw Baw (S),Australia/Melbourne
204,Amosfield,,NSW,New South Wales,4380,Rural locality,-28.62402,152.06643,870,58.00400,Tenterfield (A),Australia/Sydney
205,Amphitheatre,,VIC,Victoria,3468,Rural locality,-37.18234,143.39992,280,152.46900,Pyrenees (S),Australia/Melbourne
206,Ampilatwatja,,NT,Northern Territory,0872,Urban locality,-21.65288,135.22453,399,28.27700,Barkly (R),Australia/Darwin
207,Amyton,,SA,South Australia,5431,Rural locality,-32.60343,138.32739,316,75.90000,Mount Remarkable (DC),Australia/Adelaide
208,Anabranch North,,NSW,New South Wales,2648,Rural locality,-33.29636,141.80229,42,1661.39400,Wentworth (A),Australia/Sydney
209,Anabranch South,,NSW,New South Wales,2648,Rural locality,-33.54487,141.73014,56,2279.46300,Wentworth (A),Australia/Sydney
210,Anakie,,VIC,Victoria,3213,Rural locality,-37.93803,144.28470,136,181.12300,Greater Geelong (C),Australia/Melbourne
211,Anama,,SA,South Australia,5464,Rural locality,-33.68676,138.56545,373,24.22400,Clare and Gilbert Valleys (DC),Australia/Adelaide
212,Anambah,,NSW,New South Wales,2320,Rural locality,-32.67607,151.49513,13,11.59200,Maitland (C),Australia/Sydney
213,Anangu Pitjantjatjara Yankunytjatjara,,SA,South Australia,0872,Rural locality,-27.07839,131.20589,498,102237.14400,Anangu Pitjantjatjara (AC),Australia/Adelaide
214,Anatye,,NT,Northern Territory,0872,Rural locality,-23.37944,136.49541,256,45033.16800,Central Desert (R),Australia/Darwin
215,Ancona,,VIC,Victoria,3715,Rural locality,-36.97227,145.79054,324,68.44600,Mansfield (S),Australia/Melbourne
216,Andamooka,,SA,South Australia,5722,Urban locality,-30.45360,137.16498,109,23.81700,Unincorporated,Australia/Adelaide
217,Andamooka Station,,SA,South Australia,5719,Rural locality,-30.77681,136.61509,103,8794.54000,Unincorporated,Australia/Adelaide
218,Andergrove,Mackay,QLD,Queensland,4740,Suburb,-21.09694,149.18533,8,8.48000,Mackay (R),Australia/Brisbane
219,Anderleigh,,QLD,Queensland,4570,Rural locality,-25.99842,152.67358,109,48.17700,Gympie (R),Australia/Brisbane
220,Anderson,,VIC,Victoria,3995,Rural locality,-38.52174,145.44930,63,5.83100,Bass Coast (S),Australia/Melbourne
221,Ando,,NSW,New South Wales,2631,Rural locality,-36.73993,149.26121,884,112.16300,Snowy Monaro Regional (A),Australia/Sydney
222,Andover,,TAS,Tasmania,7120,Rural locality,-42.33000,147.46064,407,73.44600,Southern Midlands (M),Australia/Hobart
223,Andrews,,SA,South Australia,5454,Rural locality,-33.59900,138.63124,320,77.25500,Northern Areas (DC),Australia/Adelaide
224,Andrews Farm,Adelaide,SA,South Australia,5114,Suburb,-34.67146,138.66678,33,3.98900,Playford (C),Australia/Adelaide
225,Andromache,,QLD,Queensland,4800,Rural locality,-20.58452,148.42000,66,423.06500,Whitsunday (R),Australia/Brisbane
226,Anduramba,,QLD,Queensland,4355,Rural locality,-27.13461,152.08588,443,283.60700,Toowoomba (R),Australia/Brisbane
227,Anembo,,NSW,New South Wales,2621,Rural locality,-35.80545,149.42833,1076,171.82000,Snowy Monaro Regional (A),Australia/Sydney
228,Angas Plains,,SA,South Australia,5255,Rural locality,-35.33490,138.96945,21,41.39000,Alexandrina (DC),Australia/Adelaide
229,Angaston,,SA,South Australia,5353,Urban locality,-34.50115,139.04683,354,79.59200,Barossa (DC),Australia/Adelaide
230,Angas Valley,,SA,South Australia,5238,Rural locality,-34.75513,139.30616,79,50.23400,Mid Murray (DC),Australia/Adelaide
231,Angelo River,,WA,Western Australia,6642,Rural locality,-24.07860,118.01042,356,13971.80300,Meekatharra (S),Australia/Perth
232,Angledale,,NSW,New South Wales,2550,Rural locality,-36.63575,149.85715,51,26.81300,Bega Valley (A),Australia/Sydney
233,Angledool,,NSW,New South Wales,2834,Rural locality,-29.11312,147.90256,151,689.50100,Brewarrina (A),Australia/Sydney
234,Angle Park,Adelaide,SA,South Australia,5010,Suburb,-34.85913,138.56067,11,1.07000,Port Adelaide Enfield (C),Australia/Adelaide
235,Anglers Reach,,NSW,New South Wales,2629,Rural locality,-35.99920,148.66485,1189,11.12700,Snowy Monaro Regional (A),Australia/Sydney
236,Anglers Rest,,VIC,Victoria,3898,Rural locality,-37.01433,147.45141,845,86.50400,East Gippsland (S),Australia/Melbourne
237,Anglesea,,VIC,Victoria,3230,Urban locality,-38.40513,144.18927,10,96.76000,Surf Coast (S),Australia/Melbourne
238,Angle Vale,,SA,South Australia,5117,Urban locality,-34.64077,138.64660,37,14.05400,Playford (C),Australia/Adelaide
239,Angourie,,NSW,New South Wales,2464,Rural locality,-29.48101,153.35996,35,3.53600,Clarence Valley (A),Australia/Sydney
240,Angurugu,,NT,Northern Territory,0822,Urban locality,-13.98119,136.46121,16,1.51300,East Arnhem (R),Australia/Darwin
241,Anindilyakwa,,NT,Northern Territory,0822,Rural locality,-13.97005,136.59334,122,2592.73700,East Arnhem (R),Australia/Darwin
242,Anketell,,WA,Western Australia,6167,Rural locality,-32.21870,115.86538,22,6.82200,Kwinana (C),Australia/Perth
243,Anmatjere,,NT,Northern Territory,0872,Rural locality,-22.00828,133.46465,529,54462.87400,Central Desert (R),Australia/Darwin
244,Anna Bay,,NSW,New South Wales,2316,Urban locality,-32.77692,152.08327,7,22.25000,Port Stephens (A),Australia/Sydney
245,Annadale,,SA,South Australia,5356,Rural locality,-34.38932,139.38842,73,46.77100,Mid Murray (DC),Australia/Adelaide
246,Annandale,Sydney,NSW,New South Wales,2038,Suburb,-33.88144,151.17068,32,1.49300,Inner West (A),Australia/Sydney
247,Annandale,Townsville,QLD,Queensland,4814,Suburb,-19.31109,146.78764,10,6.84000,Townsville (C),Australia/Brisbane
248,Annangrove,,NSW,New South Wales,2156,Rural locality,-33.65777,150.94351,82,10.24600,The Hills Shire (A),Australia/Sydney
249,Annerley,Brisbane,QLD,Queensland,4103,Suburb,-27.51161,153.03183,45,2.87600,Brisbane (C),Australia/Brisbane
250,Anniebrook,,WA,Western Australia,6280,Rural locality,-33.66919,115.16909,15,13.26300,Busselton (C),Australia/Perth
251,Annuello,,VIC,Victoria,3549,Rural locality,-34.84770,142.83012,61,320.81100,Swan Hill (RC),Australia/Melbourne
252,Ansons Bay,,TAS,Tasmania,7264,Rural locality,-41.03789,148.26834,12,229.35100,Break O'Day (M),Australia/Hobart
253,Anstead,Brisbane,QLD,Queensland,4070,Suburb,-27.54559,152.87227,20,13.85200,Brisbane (C),Australia/Brisbane
254,Antechamber Bay,,SA,South Australia,5222,Rural locality,-35.80174,138.07272,10,14.93600,Kangaroo Island (DC),Australia/Adelaide
255,Anthony,,QLD,Queensland,4310,Rural locality,-27.87818,152.68408,97,13.83400,Scenic Rim (R),Australia/Brisbane
256,Antigua,,QLD,Queensland,4650,Rural locality,-25.63821,152.60253,40,17.17000,Fraser Coast (R),Australia/Brisbane
257,Antill Ponds,,TAS,Tasmania,7120,Rural locality,-42.20401,147.40135,293,40.48200,Southern Midlands (M),Australia/Hobart
258,Antonymyre,,WA,Western Australia,6714,Rural locality,-20.66316,117.09337,8,25.77400,Karratha (C),Australia/Perth
259,Antwerp,,VIC,Victoria,3414,Rural locality,-36.29842,142.02456,100,132.78800,Hindmarsh (S),Australia/Melbourne
260,Anula,Darwin,NT,Northern Territory,0812,Suburb,-12.39191,130.89015,37,1.31800,Darwin (C),Australia/Darwin
261,Apamurra,,SA,South Australia,5237,Rural locality,-34.85524,139.19677,159,3.74200,Mid Murray (DC),Australia/Adelaide
262,Apoinga,,SA,South Australia,5413,Rural locality,-33.92808,138.93758,468,51.62500,Goyder (DC),Australia/Adelaide
263,Apollo Bay,,TAS,Tasmania,7150,Rural locality,-43.15912,147.29609,29,2.29500,Kingborough (M),Australia/Hobart
264,Apollo Bay,,VIC,Victoria,3233,Urban locality,-38.74843,143.67043,1,86.91500,Colac-Otway (S),Australia/Melbourne
265,Appila,,SA,South Australia,5480,Rural locality,-33.05054,138.42808,371,120.15500,Mount Remarkable (DC),Australia/Adelaide
266,Appin,,NSW,New South Wales,2560,Urban locality,-34.20089,150.78748,242,102.05500,Wollondilly (A),Australia/Sydney
267,Appin,,VIC,Victoria,3579,Rural locality,-35.88565,143.87805,82,37.80800,Gannawarra (S),Australia/Melbourne
268,Appin South,,VIC,Victoria,3579,Rural locality,-35.94096,143.85991,86,51.53300,Loddon (S),Australia/Melbourne
269,Appleby,,NSW,New South Wales,2340,Rural locality,-30.96493,150.82515,365,18.15200,Tamworth Regional (A),Australia/Sydney
270,Applecross,Perth,WA,Western Australia,6153,Suburb,-32.01940,115.83322,10,3.19500,Melville (C),Australia/Perth
271,Applethorpe,,QLD,Queensland,4378,Rural locality,-28.61395,151.95549,880,46.81000,Southern Downs (R),Australia/Brisbane
272,Apple Tree Creek,,QLD,Queensland,4660,Urban locality,-25.21521,152.23400,80,23.87900,Bundaberg (R),Australia/Brisbane
273,Appletree Flat,,NSW,New South Wales,2330,Rural locality,-32.51231,150.86485,111,28.53200,Singleton (A),Australia/Sydney
274,Apple Tree Flat,,NSW,New South Wales,2850,Rural locality,-32.68522,149.70505,490,17.02200,Mid-Western Regional (A),Australia/Sydney
275,Apslawn,,TAS,Tasmania,7190,Rural locality,-41.95662,148.16487,43,76.21100,Glamorgan/Spring Bay (M),Australia/Hobart
276,Apsley,,NSW,New South Wales,2820,Rural locality,-32.59836,148.96393,337,28.23000,Western Plains Regional (A),Australia/Sydney
277,Apsley,,TAS,Tasmania,7030,Rural locality,-42.41812,147.13831,297,68.36400,Central Highlands (M),Australia/Hobart
278,Apsley,,VIC,Victoria,3319,Rural locality,-36.96756,141.08075,108,332.11700,West Wimmera (S),Australia/Melbourne
279,Arable,,NSW,New South Wales,2630,Rural locality,-36.36737,148.94553,910,116.32700,Snowy Monaro Regional (A),Australia/Sydney
280,Arakoon,,NSW,New South Wales,2431,Urban locality,-30.88823,153.06696,12,24.79400,Kempsey (A),Australia/Sydney
281,Araluen,,NSW,New South Wales,2622,Rural locality,-35.64693,149.81215,155,121.27400,Queanbeyan-Palerang Regional (A),Australia/Sydney
282,Araluen,Alice Springs,NT,Northern Territory,0870,Suburb,-23.70239,133.84954,585,4.14700,Alice Springs (T),Australia/Darwin
283,Araluen,,QLD,Queensland,4570,Rural locality,-26.15949,152.66767,104,6.56800,Gympie (R),Australia/Brisbane
284,Aramac,,QLD,Queensland,4726,Urban locality,-22.97216,145.24543,229,39.49000,Barcaldine (R),Australia/Brisbane
285,Aramara,,QLD,Queensland,4620,Rural locality,-25.61128,152.32592,129,74.82700,Fraser Coast (R),Australia/Brisbane
286,Arana Hills,Brisbane,QLD,Queensland,4054,Suburb,-27.39752,152.95954,46,3.65400,Moreton Bay (R),Australia/Brisbane
287,Aranbanga,,QLD,Queensland,4625,Rural locality,-25.80681,151.67007,314,221.39100,North Burnett (R),Australia/Brisbane
288,Aranda,Canberra,ACT,Australian Capital Territory,2614,Suburb,-35.25796,149.07565,632,1.56300,Unincorporated,Australia/Sydney
289,Ararat,,VIC,Victoria,3377,Urban locality,-37.28430,142.92823,336,161.17900,Ararat (RC),Australia/Melbourne
290,Aratula,,NSW,New South Wales,2714,Rural locality,-35.78620,145.29243,108,163.38100,Murray River (A),Australia/Sydney
291,Aratula,,QLD,Queensland,4309,Urban locality,-27.98146,152.54862,112,26.24700,Scenic Rim (R),Australia/Brisbane
292,Arawata,,VIC,Victoria,3951,Rural locality,-38.39491,145.88822,280,22.53900,South Gippsland (S),Australia/Melbourne
293,Arbouin,,QLD,Queensland,4892,Rural locality,-17.06157,143.99539,242,1062.03200,Mareeba (S),Australia/Brisbane
294,Arbuckle,,VIC,Victoria,3858,Rural locality,-37.36904,146.82917,1306,150.50600,Wellington (S),Australia/Melbourne
295,Arcadia,,NSW,New South Wales,2159,Rural locality,-33.62310,151.05273,216,22.40900,Hornsby (A),Australia/Sydney
296,Arcadia,,QLD,Queensland,4819,Urban locality,-19.15104,146.86423,10,5.85100,Townsville (C),Australia/Brisbane
297,Arcadia,,VIC,Victoria,3631,Rural locality,-36.54160,145.36256,124,76.04900,Greater Shepparton (C),Australia/Melbourne
298,Arcadia South,,VIC,Victoria,3631,Rural locality,-36.59378,145.38112,129,69.50700,Strathbogie (S),Australia/Melbourne
299,Arcadia Vale,Newcastle,NSW,New South Wales,2283,Suburb,-33.06034,151.57582,34,1.34600,Lake Macquarie (C),Australia/Sydney
300,Arcadia Valley,,QLD,Queensland,4702,Rural locality,-25.02985,148.81407,537,2115.80400,Central Highlands (R),Australia/Brisbane
301,Archdale,,VIC,Victoria,3475,Rural locality,-36.83090,143.50230,204,41.46400,Central Goldfields (S),Australia/Melbourne
302,Archdale Junction,,VIC,Victoria,3475,Rural locality,-36.88492,143.51731,204,38.09900,Central Goldfields (S),Australia/Melbourne
303,Archer,,NT,Northern Territory,0830,Rural locality,-12.51182,130.97059,13,11.32500,Palmerston (C),Australia/Darwin
304,Archerfield,Brisbane,QLD,Queensland,4108,Suburb,-27.56839,153.02417,15,4.62300,Brisbane (C),Australia/Brisbane
305,Archer River,,QLD,Queensland,4892,Rural locality,-13.34792,142.52661,82,9381.43100,Cook (S),Australia/Brisbane
306,Archerton,,VIC,Victoria,3723,Rural locality,-36.89447,146.25651,945,78.97100,Benalla (RC),Australia/Melbourne
307,Archies Creek,,VIC,Victoria,3995,Rural locality,-38.54829,145.56373,25,0.06900,Bass Coast (S),Australia/Melbourne
308,Arcoona,,SA,South Australia,5720,Rural locality,-31.20422,137.19217,94,6823.44600,Unincorporated,Australia/Adelaide
309,Arcturus,,QLD,Queensland,4722,Rural locality,-23.98933,148.33948,197,1206.34300,Central Highlands (R),Australia/Brisbane
310,Ardath,,WA,Western Australia,6419,Rural locality,-32.03476,118.10277,280,358.31100,Bruce Rock (S),Australia/Perth
311,Ardeer,Melbourne,VIC,Victoria,3022,Suburb,-37.77596,144.80104,46,2.13100,Brimbank (C),Australia/Melbourne
312,Ardglen,,NSW,New South Wales,2338,Rural locality,-31.73451,150.78559,627,72.27300,Liverpool Plains (A),Australia/Sydney
313,Arding,,NSW,New South Wales,2358,Rural locality,-30.58855,151.55675,1053,54.77100,Uralla (A),Australia/Sydney
314,Ardlethan,,NSW,New South Wales,2665,Urban locality,-34.35736,146.90340,203,538.87300,Coolamon (A),Australia/Sydney
315,Ardmona,,VIC,Victoria,3629,Rural locality,-36.37854,145.29537,110,39.21100,Greater Shepparton (C),Australia/Melbourne
316,Ardross,Perth,WA,Western Australia,6153,Suburb,-32.02488,115.84141,19,2.25900,Melville (C),Australia/Perth
317,Ardrossan,,SA,South Australia,5571,Urban locality,-34.42295,137.91681,33,24.29700,Yorke Peninsula (DC),Australia/Adelaide
318,Areegra,,VIC,Victoria,3480,Rural locality,-36.23825,142.68032,112,114.86500,Yarriambiack (S),Australia/Melbourne
319,Areyonga,,NT,Northern Territory,0872,Urban locality,-24.07205,132.26771,675,6.98100,MacDonnell (R),Australia/Darwin
320,Argalong,,NSW,New South Wales,2720,Rural locality,-35.31550,148.45387,770,132.30300,Snowy Valleys (A),Australia/Sydney
321,Argenton,Newcastle,NSW,New South Wales,2284,Suburb,-32.93481,151.63088,8,1.52300,Lake Macquarie (C),Australia/Sydney
322,Argents Hill,,NSW,New South Wales,2449,Rural locality,-30.62195,152.74633,92,76.25500,Nambucca (A),Australia/Sydney
323,Argoon,,NSW,New South Wales,2707,Rural locality,-34.85828,145.67415,113,247.12500,Murrumbidgee (A),Australia/Sydney
324,Argoon,,QLD,Queensland,4702,Rural locality,-24.25515,150.43348,164,164.77500,Banana (S),Australia/Brisbane
325,Argyle,,VIC,Victoria,3523,Rural locality,-36.96763,144.71685,307,19.73900,Greater Bendigo (C),Australia/Melbourne
326,Argyle,,WA,Western Australia,6239,Rural locality,-33.54822,115.76634,61,13.79300,Donnybrook-Balingup (S),Australia/Perth
327,Argyll,,QLD,Queensland,4721,Rural locality,-23.27732,147.56250,351,1240.42700,Central Highlands (R),Australia/Brisbane
328,Ariah Park,,NSW,New South Wales,2665,Urban locality,-34.34811,147.22122,253,489.99100,Temora (A),Australia/Sydney
329,Arkaroola Village,,SA,South Australia,5732,Rural locality,-30.13370,139.64033,64,6058.80800,Unincorporated,Australia/Adelaide
330,Arkell,,NSW,New South Wales,2795,Rural locality,-33.72778,149.38295,944,66.86000,Bathurst Regional (A),Australia/Sydney
331,Arkstone,,NSW,New South Wales,2795,Rural locality,-34.04242,149.64425,957,79.37100,Oberon (A),Australia/Sydney
332,Armadale,Melbourne,VIC,Victoria,3143,Suburb,-37.85532,145.01914,48,2.15500,Stonnington (C),Australia/Melbourne
333,Armadale,Perth,WA,Western Australia,6112,Suburb,-32.15239,116.00827,55,8.37100,Armadale (C),Australia/Perth
334,Armagh,,SA,South Australia,5453,Rural locality,-33.83679,138.57943,401,16.19000,Clare and Gilbert Valleys (DC),Australia/Adelaide
335,Armatree,,NSW,New South Wales,2828,Rural locality,-31.44798,148.46345,240,484.98000,Gilgandra (A),Australia/Sydney
336,Armidale,,NSW,New South Wales,2350,Urban locality,-30.51417,151.66899,979,274.60000,Armidale Regional (A),Australia/Sydney
337,Armstrong,,VIC,Victoria,3377,Rural locality,-37.21003,142.88499,306,19.18500,Ararat (RC),Australia/Melbourne
338,Armstrong Beach,,QLD,Queensland,4737,Urban locality,-21.45491,149.28956,10,22.23600,Mackay (R),Australia/Brisbane
339,Armstrong Creek,,QLD,Queensland,4520,Rural locality,-27.22574,152.82965,73,34.30500,Moreton Bay (R),Australia/Brisbane
340,Armstrong Creek,,VIC,Victoria,3217,Rural locality,-38.23465,144.36940,12,19.52700,Greater Geelong (C),Australia/Melbourne
341,Arncliffe,Sydney,NSW,New South Wales,2205,Suburb,-33.93632,151.14469,26,2.94300,Rockdale (C),Australia/Sydney
342,Arndell Park,Sydney,NSW,New South Wales,2148,Suburb,-33.78727,150.87196,45,2.00100,Blacktown (C),Australia/Sydney
343,Arno Bay,,SA,South Australia,5603,Urban locality,-33.91190,136.56835,2,233.63400,Cleve (DC),Australia/Adelaide
344,Arnold,,NT,Northern Territory,0852,Rural locality,-15.80974,134.14711,145,18238.47500,Roper Gulf (R),Australia/Darwin
345,Arnold,,VIC,Victoria,3551,Rural locality,-36.69082,143.86837,163,49.49000,Loddon (S),Australia/Melbourne
346,Arnold West,,VIC,Victoria,3551,Rural locality,-36.66177,143.76205,199,34.54900,Loddon (S),Australia/Melbourne
347,Aroona,Sunshine Coast,QLD,Queensland,4551,Suburb,-26.77538,153.11317,16,1.89200,Sunshine Coast (R),Australia/Brisbane
348,Arrawarra,,NSW,New South Wales,2456,Urban locality,-30.05960,153.18789,15,2.81800,Coffs Harbour (C),Australia/Sydney
349,Arrawarra Headland,,NSW,New South Wales,2456,Urban locality,-30.05977,153.20274,13,2.68000,Coffs Harbour (C),Australia/Sydney
350,Arriga,,QLD,Queensland,4880,Rural locality,-17.10991,145.30199,501,155.72000,Mareeba (S),Australia/Brisbane
351,Arrino,,WA,Western Australia,6519,Rural locality,-29.44006,115.62837,267,398.72600,Three Springs (S),Australia/Perth
352,Arrowsmith,,WA,Western Australia,6525,Rural locality,-29.54356,115.06993,32,820.67000,Irwin (S),Australia/Perth
353,Arrowsmith East,,WA,Western Australia,6519,Rural locality,-29.61460,115.34013,196,812.01100,Three Springs (S),Australia/Perth
354,Artarmon,Sydney,NSW,New South Wales,2064,Suburb,-33.80943,151.18566,86,2.53500,Willoughby (C),Australia/Sydney
355,Arthur River,,TAS,Tasmania,7330,Rural locality,-41.05955,144.68187,39,38.59100,Circular Head (M),Australia/Hobart
356,Arthur River,,WA,Western Australia,6315,Rural locality,-33.33805,117.03417,290,477.25600,West Arthur (S),Australia/Perth
357,Arthurs Creek,,VIC,Victoria,3099,Rural locality,-37.58770,145.21816,132,39.17500,Nillumbik (S),Australia/Melbourne
358,Arthurs Lake,,TAS,Tasmania,7030,Rural locality,-42.00249,146.96593,958,216.80800,Central Highlands (M),Australia/Hobart
359,Arthurs Seat,,VIC,Victoria,3936,Urban locality,-38.35443,144.94979,308,8.81500,Mornington Peninsula (S),Australia/Melbourne
360,Arthurton,,SA,South Australia,5572,Rural locality,-34.25753,137.75640,204,145.01100,Yorke Peninsula (DC),Australia/Adelaide
361,Arthurville,,NSW,New South Wales,2820,Rural locality,-32.55484,148.74271,310,72.54000,Western Plains Regional (A),Australia/Sydney
362,Arumbera,,NT,Northern Territory,0873,Rural locality,-23.78482,133.81467,558,70.08800,Alice Springs (T),Australia/Darwin
363,Arumpo,,NSW,New South Wales,2715,Rural locality,-33.87362,142.88526,77,5396.40800,Wentworth (A),Australia/Sydney
364,Arundel,Gold Coast,QLD,Queensland,4214,Suburb,-27.93971,153.37278,14,10.38300,Gold Coast (C),Australia/Brisbane
365,Ascot,Brisbane,QLD,Queensland,4007,Suburb,-27.43027,153.05868,35,2.73600,Brisbane (C),Australia/Brisbane
366,Ascot,,QLD,Queensland,4360,Rural locality,-27.82540,151.99673,466,33.48400,Toowoomba (R),Australia/Brisbane
367,Ascot,,VIC,Victoria,3364,Rural locality,-37.40088,143.80251,416,36.42900,Ballarat (C),Australia/Melbourne
368,Ascot,Bendigo,VIC,Victoria,3551,Suburb,-36.71225,144.33338,198,10.55200,Greater Bendigo (C),Australia/Melbourne
369,Ascot,Perth,WA,Western Australia,6104,Suburb,-31.94068,115.92300,4,3.76100,Belmont (C),Australia/Perth
370,Ascot Park,Adelaide,SA,South Australia,5043,Suburb,-34.98693,138.56464,26,1.00400,Marion (C),Australia/Adelaide
371,Ascot Vale,Melbourne,VIC,Victoria,3032,Suburb,-37.77583,144.92338,38,3.83600,Moonee Valley (C),Australia/Melbourne
372,Ashbourne,,SA,South Australia,5157,Rural locality,-35.28283,138.77018,154,58.45600,Alexandrina (DC),Australia/Adelaide
373,Ashbourne,,VIC,Victoria,3442,Rural locality,-37.40543,144.45857,648,37.84300,Macedon Ranges (S),Australia/Melbourne
374,Ashburton,Melbourne,VIC,Victoria,3147,Suburb,-37.86339,145.07942,60,2.92300,Boroondara (C),Australia/Melbourne
375,Ashbury,Sydney,NSW,New South Wales,2193,Suburb,-33.90190,151.11932,20,1.03100,Canterbury-Bankstown (A),Australia/Sydney
376,Ashby,,NSW,New South Wales,2463,Rural locality,-29.42393,153.18745,25,14.03000,Clarence Valley (A),Australia/Sydney
377,Ashby,Perth,WA,Western Australia,6065,Suburb,-31.73421,115.79245,39,1.40300,Wanneroo (C),Australia/Perth
378,Ashby Heights,,NSW,New South Wales,2463,Rural locality,-29.41374,153.17939,122,32.34900,Clarence Valley (A),Australia/Sydney
379,Ashby Island,,NSW,New South Wales,2463,Rural locality,-29.43097,153.20263,1,2.41000,Clarence Valley (A),Australia/Sydney
380,Ashcroft,Sydney,NSW,New South Wales,2168,Suburb,-33.91759,150.89910,17,1.15400,Liverpool (C),Australia/Sydney
381,Ashendon,,WA,Western Australia,6111,Rural locality,-32.23124,116.14054,349,210.52500,Armadale (C),Australia/Perth
382,Ashfield,Sydney,NSW,New South Wales,2131,Suburb,-33.88953,151.12586,47,3.41400,Inner West (A),Australia/Sydney
383,Ashfield,Bundaberg,QLD,Queensland,4670,Suburb,-24.87276,152.39614,26,4.88400,Bundaberg (R),Australia/Brisbane
384,Ashfield,Perth,WA,Western Australia,6054,Suburb,-31.91520,115.93764,23,0.80200,Bassendean (T),Australia/Perth
385,Ashford,,NSW,New South Wales,2361,Urban locality,-29.32125,151.09608,430,681.04700,Inverell (A),Australia/Sydney
386,Ashford,Adelaide,SA,South Australia,5035,Suburb,-34.94871,138.57395,31,0.32900,West Torrens (C),Australia/Adelaide
387,Ashgrove,Brisbane,QLD,Queensland,4060,Suburb,-27.44560,152.99212,38,5.82600,Brisbane (C),Australia/Brisbane
388,Ashley,,NSW,New South Wales,2400,Urban locality,-29.31777,149.80806,204,332.76700,Moree Plains (A),Australia/Sydney
389,Ashmont,Wagga Wagga,NSW,New South Wales,2650,Suburb,-35.12318,147.32996,190,2.42900,Wagga Wagga (C),Australia/Sydney
390,Ashmore,Gold Coast,QLD,Queensland,4214,Suburb,-27.98638,153.38205,27,6.83100,Gold Coast (C),Australia/Brisbane
391,Ashton,,SA,South Australia,5137,Rural locality,-34.93973,138.73739,546,6.74300,Adelaide Hills (DC),Australia/Adelaide
392,Ashtonfield,Maitland,NSW,New South Wales,2323,Suburb,-32.77382,151.60100,43,6.83400,Maitland (C),Australia/Sydney
393,Ashville,,SA,South Australia,5259,Rural locality,-35.51045,139.36576,7,113.22800,The Coorong (DC),Australia/Adelaide
394,Ashwell,,QLD,Queensland,4340,Rural locality,-27.62846,152.56010,73,7.53400,Ipswich (C),Australia/Brisbane
395,Ashwood,Melbourne,VIC,Victoria,3147,Suburb,-37.86469,145.09306,76,2.54500,Monash (C),Australia/Melbourne
396,Aspendale,Melbourne,VIC,Victoria,3195,Suburb,-38.02648,145.10191,10,3.02900,Kingston (C),Australia/Melbourne
397,Aspendale Gardens,Melbourne,VIC,Victoria,3195,Suburb,-38.02346,145.11837,5,3.24000,Kingston (C),Australia/Melbourne
398,Aspley,Brisbane,QLD,Queensland,4034,Suburb,-27.36386,153.01574,25,6.30000,Brisbane (C),Australia/Brisbane
399,Asquith,Sydney,NSW,New South Wales,2077,Suburb,-33.68748,151.10869,186,3.50200,Hornsby (A),Australia/Sydney
400,Athelstone,Adelaide,SA,South Australia,5076,Suburb,-34.86980,138.70285,121,6.20400,Campbelltown (C) (SA),Australia/Adelaide
401,Atherton,,QLD,Queensland,4883,Urban locality,-17.26827,145.47457,766,94.04600,Tablelands (R),Australia/Brisbane
402,Athlone,,VIC,Victoria,3818,Rural locality,-38.23990,145.77982,79,30.36000,Baw Baw (S),Australia/Melbourne
403,Athol,,QLD,Queensland,4350,Rural locality,-27.61535,151.77485,517,26.74600,Toowoomba (R),Australia/Brisbane
404,Athol Park,Adelaide,SA,South Australia,5012,Suburb,-34.85768,138.54263,9,0.94300,Charles Sturt (C),Australia/Adelaide
405,Atholwood,,NSW,New South Wales,2361,Rural locality,-28.99964,151.05801,420,454.45600,Inverell (A),Australia/Sydney
406,Atitjere,,NT,Northern Territory,0872,Rural locality,-22.98305,134.93172,571,7.01400,Central Desert (R),Australia/Darwin
407,Atkinsons Dam,,QLD,Queensland,4311,Rural locality,-27.42101,152.45551,63,26.68900,Somerset (R),Australia/Brisbane
408,Attadale,Perth,WA,Western Australia,6156,Suburb,-32.02581,115.80135,18,3.10200,Melville (C),Australia/Perth
409,Attunga,,NSW,New South Wales,2345,Rural locality,-30.89480,150.82465,469,218.72100,Tamworth Regional (A),Australia/Sydney
410,Attwood,Melbourne,VIC,Victoria,3049,Suburb,-37.66752,144.88529,120,5.05900,Hume (C),Australia/Melbourne
411,Atwell,Perth,WA,Western Australia,6164,Suburb,-32.13280,115.86059,26,3.54100,Cockburn (C),Australia/Perth
412,Aubigny,,QLD,Queensland,4401,Rural locality,-27.52223,151.64174,418,57.54000,Toowoomba (R),Australia/Brisbane
413,Aubin Grove,Perth,WA,Western Australia,6164,Suburb,-32.16841,115.86112,27,2.47300,Cockburn (C),Australia/Perth
414,Aubrey,,VIC,Victoria,3393,Rural locality,-36.24110,142.23414,118,61.60900,Yarriambiack (S),Australia/Melbourne
415,Auburn,Sydney,NSW,New South Wales,2144,Suburb,-33.84932,151.03342,24,8.56400,Cumberland (A),Australia/Sydney
416,Auburn,,QLD,Queensland,4413,Rural locality,-25.99990,150.50818,308,1156.86600,Western Downs (R),Australia/Brisbane
417,Auburn,,SA,South Australia,5451,Urban locality,-34.02800,138.68164,319,119.85300,Clare and Gilbert Valleys (DC),Australia/Adelaide
418,Auburn Vale,,NSW,New South Wales,2360,Rural locality,-29.83895,151.04172,637,63.64700,Inverell (A),Australia/Sydney
419,Auchenflower,Brisbane,QLD,Queensland,4066,Suburb,-27.47553,152.99342,16,1.37900,Brisbane (C),Australia/Brisbane
420,Auchmore,,VIC,Victoria,3570,Rural locality,-36.47236,144.09569,120,74.53300,Loddon (S),Australia/Melbourne
421,Augathella,,QLD,Queensland,4477,Urban locality,-25.79469,146.58661,372,1459.05000,Murweh (S),Australia/Brisbane
422,Augusta,,WA,Western Australia,6290,Urban locality,-34.31594,115.15973,35,29.94400,Augusta-Margaret River (S),Australia/Perth
423,Augustine Heights,Brisbane,QLD,Queensland,4300,Suburb,-27.66915,152.89354,87,5.62400,Ipswich (C),Australia/Brisbane
424,Auldana,Adelaide,SA,South Australia,5072,Suburb,-34.91972,138.68440,199,0.60900,Burnside (C),Australia/Adelaide
425,Aurukun,,QLD,Queensland,4892,Rural locality,-13.60938,141.82845,51,7423.98900,Aurukun (S),Australia/Brisbane
426,Austinmer,Wollongong,NSW,New South Wales,2515,Suburb,-34.30628,150.93456,8,3.33800,Wollongong (C),Australia/Sydney
427,Austins Ferry,Hobart,TAS,Tasmania,7011,Suburb,-42.77503,147.24882,42,2.13500,Glenorchy (C),Australia/Hobart
428,Austinville,,QLD,Queensland,4213,Rural locality,-28.13582,153.31749,104,22.40400,Gold Coast (C),Australia/Brisbane
429,Austral,Sydney,NSW,New South Wales,2179,Suburb,-33.93311,150.81203,85,17.66100,Liverpool (C),Australia/Sydney
430,Austral Eden,,NSW,New South Wales,2440,Rural locality,-31.02195,152.93780,4,13.61900,Kempsey (A),Australia/Sydney
431,Australia Plains,,SA,South Australia,5374,Rural locality,-34.09380,139.16909,272,91.36900,Goyder (DC),Australia/Adelaide
432,Australind,Bunbury,WA,Western Australia,6233,Suburb,-33.27903,115.71443,7,23.06200,Harvey (S),Australia/Perth
433,Avalon,,VIC,Victoria,3212,Rural locality,-38.05097,144.45169,10,45.16500,Greater Geelong (C),Australia/Melbourne
434,Avalon Beach,Sydney,NSW,New South Wales,2107,Suburb,-33.63633,151.33060,10,5.13100,Northern Beaches (A),Australia/Sydney
435,Aveley,Ellenbrook,WA,Western Australia,6069,Suburb,-31.78131,115.98923,29,6.10200,Swan (C),Australia/Perth
436,Avenel,,VIC,Victoria,3664,Urban locality,-36.89279,145.23059,150,204.91000,Strathbogie (S),Australia/Melbourne
437,Avenell Heights,Bundaberg,QLD,Queensland,4670,Suburb,-24.89048,152.37388,27,3.05200,Bundaberg (R),Australia/Brisbane
438,Avenue Range,,SA,South Australia,5273,Rural locality,-36.90180,140.23000,23,316.59400,Naracoorte and Lucindale (DC),Australia/Adelaide
439,Avisford,,NSW,New South Wales,2850,Rural locality,-32.74558,149.48011,541,18.30300,Mid-Western Regional (A),Australia/Sydney
440,Avoca,,NSW,New South Wales,2577,Rural locality,-34.61352,150.47932,756,24.62500,Wingecarribee (A),Australia/Sydney
441,Avoca,Bundaberg,QLD,Queensland,4670,Suburb,-24.88185,152.31255,24,6.12100,Bundaberg (R),Australia/Brisbane
442,Avoca,,TAS,Tasmania,7213,Rural locality,-41.78215,147.72044,209,393.79900,Northern Midlands (M),Australia/Hobart
443,Avoca,,VIC,Victoria,3467,Urban locality,-37.08854,143.47380,242,102.80900,Pyrenees (S),Australia/Melbourne
444,Avoca Beach,Central Coast,NSW,New South Wales,2251,Suburb,-33.46494,151.43239,10,4.44200,Central Coast (C),Australia/Sydney
445,Avoca Dell,,SA,South Australia,5253,Rural locality,-35.08855,139.30897,6,0.72000,Murray Bridge (RC),Australia/Adelaide
446,Avoca Vale,,QLD,Queensland,4306,Rural locality,-26.75581,152.23556,151,205.30300,Somerset (R),Australia/Brisbane
447,Avon,,NSW,New South Wales,2574,Rural locality,-34.35207,150.63475,370,265.82000,Wingecarribee (A),Australia/Sydney
448,Avon,,SA,South Australia,5501,Rural locality,-34.28116,138.33875,33,50.40000,Wakefield (DC),Australia/Adelaide
449,Avondale,,NSW,New South Wales,2530,Rural locality,-34.51418,150.73377,54,18.31300,Wollongong (C),Australia/Sydney
450,Avondale,,QLD,Queensland,4670,Rural locality,-24.74144,152.16123,27,70.03900,Bundaberg (R),Australia/Brisbane
451,Avondale Heights,Melbourne,VIC,Victoria,3034,Suburb,-37.76946,144.86509,40,5.40900,Moonee Valley (C),Australia/Melbourne
452,Avonmore,,VIC,Victoria,3559,Rural locality,-36.52988,144.60446,134,70.56400,Greater Bendigo (C),Australia/Melbourne
453,Avon Plains,,VIC,Victoria,3477,Rural locality,-36.53999,142.89554,141,62.30500,Northern Grampians (S),Australia/Melbourne
454,Avonside,,NSW,New South Wales,2628,Rural locality,-36.36398,148.72882,1086,57.36500,Snowy Monaro Regional (A),Australia/Sydney
455,Avonsleigh,Melbourne,VIC,Victoria,3782,Suburb,-37.92070,145.46725,278,7.56200,Cardinia (S),Australia/Melbourne
456,Avon Valley National Park,,WA,Western Australia,6084,Rural locality,-31.64627,116.20684,318,74.96100,Swan (C),Australia/Perth
457,Awaba,,NSW,New South Wales,2283,Urban locality,-33.00774,151.54341,59,23.11900,Lake Macquarie (C),Australia/Sydney
458,Axe Creek,,VIC,Victoria,3551,Rural locality,-36.84893,144.41948,248,42.36600,Greater Bendigo (C),Australia/Melbourne
459,Axedale,,VIC,Victoria,3551,Urban locality,-36.78792,144.50413,174,113.61400,Greater Bendigo (C),Australia/Melbourne
460,Aylmerton,,NSW,New South Wales,2575,Rural locality,-34.41907,150.49274,599,2.79600,Wingecarribee (A),Australia/Sydney
461,Ayr,,QLD,Queensland,4807,Urban locality,-19.57605,147.40517,16,28.47300,Burdekin (S),Australia/Brisbane
462,Ayrford,,VIC,Victoria,3268,Rural locality,-38.41566,142.85945,97,12.90000,Moyne (S),Australia/Melbourne
